c,file
3306,test-results/gui-test/htmlReports
3104,test-results/server-test/htmlReports
896,test-results/cucumber-test/htmlReports
805,test-results
577,html_report
358,test-results/ip-testtool/testsReport.html
275,test-results/gui-test
257,container
232,test-results/server-test
162,test-results/cucumber-test
90,test-results/ip-testtool
90,container/jobserver
85,container/jobserver/logs/ph-job-server.log
78,container/jobserver/logs
50,container/cucumber-test
35,container/cucumber-test/logs
34,container/gui/logs
33,css/cluecumber_custom.css
32,container/cucumber-test/logs/k8out.log
31,interfaces
29,checkstyle
27,container/gui-test
25,container/gui
23,container/database
22,container/databasefiller
21,container/gui-test/logs/k8out.log
21,container/gui-test/logs
19,container/server-test/logs/k8out.log
19,container/server-test
19,container/jobserver/logs/ph-job-server.log.gz
18,test-results/instant-gui-test/htmlReports
17,container/databasefiller/logs
15,test-results/databaseDump.tar.gz
15,container/gui/logs/ph-gui.log
15,container/bazel-test-image-builder/k8-logs
14,container/server-test/logs
13,container/ip-testtool
12,test-results/ip-testtool/IP_OFFLINE-maven.log
12,js/sidebar.js
12,js/popper.min.js
12,js/navigation.js
12,js/jquery.min.js
12,js/jquery.fancybox.min.js
12,js/jquery-ui.min.js
12,js/fuse.js
12,js/datatables.min.js
12,js/bootstrap.min.js
12,js/anchor.scroller.js
12,js/Chart.bundle.min.js
12,images/ppi-logo.svg
12,css/sidebar.css
12,css/jquery.fancybox.min.css
12,css/jquery-ui.min.css
12,css/datatables.min.css
12,css/dataTables.bootstrap4.min.css
12,css/cluecumber.css
12,css/bootstrap.min.css
11,test-results/cucumber-test/jsonResults
11,k8-logs
11,container/bazel-test-image-builder
10,interfaces/archiv
10,container/gui/logs/k8out.log
10,container/databasefiller/logs/k8out.log
9,test-results/gui-test/jsonResults
9,container/jobserver/logs/k8out.log
9,container/job-control-agent
9,container/database/logs
8,test-results/server-test082/htmlReports
8,test-results/server-test082
8,test-results/ip-testtool/interfaceMessages.html
8,test-results/gui-test003/htmlReports
8,test-results/gui-test003
8,readiness-files
8,container/interface-simulation
7,test-results/gui-test084/htmlReports
7,test-results/gui-test084
6,test-results/server-test/jsonResults
6,logs_ppi-HOLIDAY-acceptance-test-123456_SUCCESS
6,container/webservices
6,container/jobserver/logs/jobserver.out
6,container/cucumber-test/config
5,test-results/ip-testtool/xml-reports
5,test-results/ip-testtool/databaseDumps
5,test-results/gui-test088/htmlReports
5,test-results/gui-test088
5,test-results/gui-test069/htmlReports
5,test-results/gui-test069
5,test-results/cucumber-test004
5,k8-logs/integration-test_err.log
5,k8-logs/integration-test.log
5,container/ip-testtool/logs
5,container/database/diag
5,checkstyle/high-priority.log
4,test-results/server-test120/htmlReports
4,test-results/server-test120
4,test-results/server-test010/htmlReports
4,test-results/server-test010
4,test-results/server-test002/htmlReports
4,test-results/server-test002
4,test-results/gui-test090/htmlReports
4,test-results/gui-test090
4,test-results/gui-test086/htmlReports
4,test-results/gui-test086
4,test-results/gui-test083/htmlReports
4,test-results/gui-test083
4,test-results/gui-test082/htmlReports
4,test-results/gui-test082
4,js/vfs_fonts.js
4,js/pdfmake.min.js
4,container/webservices/logs
4,container/jobserver/logs/debug
4,container/job-control-agent/logs
4,container/interface-simulation/logs/ph-interface-simulation.log
4,container/interface-simulation/logs
4,container/instant-server
4,container/gui/logs/catalina.2021-01-05.log
4,container/databasefiller/logs/entrypoint.log
4,container/database/logs/k8out.log
3,test-results/server-test008/htmlReports
3,test-results/server-test008
3,test-results/server-test004/htmlReports
3,test-results/server-test004
3,test-results/gui-test089/htmlReports
3,test-results/gui-test089
3,test-results/gui-test068
3,test-results/gui-test006/htmlReports
3,test-results/gui-test006
3,test-results/cucumber-test022/htmlReports
3,test-results/cucumber-test004/htmlReports
3,test-results/cucumber-test001/htmlReports
3,test-results/cucumber-test001
3,interfaces/archiv/cust_GPI_BOOK_CONF/0740c735-0495-45e1-a249-3758fbedd107.txt
3,interfaces/archiv/cust_GPI_BOOK_CONF
3,container/webservices/logs/ph-webservices.log
3,container/jobserver/config
3,container/ip-testtool/logs/acceptanceTests.log
3,container/databasefiller/config
3,container/database/logs/entrypoint.log
3,container/database/diag/rdbms/orcl/ORCL/log
3,container/database/diag/rdbms/orcl/ORCL
3,container/database/diag/rdbms/orcl
3,container/database/diag/rdbms
3,container/bazel-test-image-builder/k8-logs/3439411-ph-assemble-internal-k8.log
3,container/bazel-test-image-builder/k8-logs/3436837-ph-assemble-k8.log
3,container/bazel-test-image-builder/k8-logs/3431377-ph-assemble-k8.log
2,test-results/server-test121/htmlReports
2,test-results/server-test121
2,test-results/server-test119/htmlReports
2,test-results/server-test119
2,test-results/server-test040/htmlReports
2,test-results/server-test040
2,test-results/server-test003/htmlReports
2,test-results/server-test003
2,test-results/ip-testtool/databaseDumps/forGuiNew
2,test-results/ip-testtool/README.txt
2,test-results/gui-test109/htmlReports
2,test-results/gui-test109
2,test-results/gui-test087/htmlReports
2,test-results/gui-test087
2,test-results/gui-test081/htmlReports
2,test-results/gui-test081
2,test-results/gui-test076/htmlReports
2,test-results/gui-test076
2,test-results/gui-test074/htmlReports
2,test-results/gui-test074
2,test-results/gui-test068/htmlReports
2,test-results/gui-test065/htmlReports
2,test-results/gui-test065
2,test-results/gui-test059/htmlReports
2,test-results/gui-test059
2,test-results/gui-test027/htmlReports
2,test-results/gui-test027
2,test-results/gui-test007
2,test-results/gui-test005/htmlReports
2,test-results/gui-test005
2,test-results/gui-test001/htmlReports
2,test-results/gui-test001
2,test-results/cucumber-test102/htmlReports
2,test-results/cucumber-test102
2,test-results/cucumber-test024/htmlReports
2,test-results/cucumber-test024
2,test-results/cucumber-test007
2,test-results/cucumber-test002
2,run-WEEKDAY_BEFORE_REORGonly-server024.yml
2,run-INSIDE_CUTOFFazv.yml
2,pod-state.yaml
2,pages/feature-scenarios/feature_19.html
2,interfaces/swift_FIN
2,interfaces/sendoutDispo
2,interfaces/cust_GPI_BOOK_CONF
2,container/jobserver/logs/entrypoint.log
2,container/job-control-agent/logs/jobcontrolagent.log
2,container/ip-testtool/testsReport.html
2,container/instant-server/config
2,container/ibm-mq
2,container/gui/logs/entrypoint.log
2,container/gui/logs/catalina.2020-12-21.log
2,container/gui-test/config
2,container/database/diag/rdbms/orcl/ORCL/log/debug
2,container/bazel-test-image-builder/k8-logs/3446725-ph-assemble-internal-k8.log
2,container/bazel-test-image-builder/k8-logs/3433623-ph-assemble-k8.log
2,container/bazel-test-image-builder/k8-logs/3432774-ph-assemble-k8.log
2,container/bazel-test-image-builder/k8-logs/3264207-ph-compile-k8.log
1,test-results/server-test122/htmlReports
1,test-results/server-test122
1,test-results/server-test118/htmlReports
1,test-results/server-test118
1,test-results/server-test007/htmlReports
1,test-results/server-test007
1,test-results/server-test005/htmlReports
1,test-results/server-test005
1,test-results/server-test001/htmlReports
1,test-results/server-test001
1,test-results/server-test/jacoco
1,test-results/ip-testtool/xml-reports/TEST-OfflineTestEngine.xml
1,test-results/ip-testtool/databaseDumps/forGuiNew/P_INTERNATIONAL_ACTIVE_23.json
1,test-results/ip-testtool/databaseDumps/forGuiNew/PB_GENO_FOR_GUI_RECALL_INIT_MASS.json
1,test-results/ip-testtool/databaseDumps/T1_MONDAY_NOON
1,test-results/ip-testtool/databaseDumps.tar.gz
1,test-results/ip-testtool/acceptanceTests.log
1,test-results/ip-testtool/SEPA-maven.log
1,test-results/ip-testtool/IP_OFFLINE-maven_err.log
1,test-results/gui-test092/htmlReports
1,test-results/gui-test092
1,test-results/gui-test075/htmlReports
1,test-results/gui-test075
1,test-results/gui-test054/htmlReports
1,test-results/gui-test054
1,test-results/gui-test020/htmlReports
1,test-results/gui-test020
1,test-results/gui-test016/htmlReports
1,test-results/gui-test016
1,test-results/gui-test015/htmlReports
1,test-results/gui-test015
1,test-results/gui-test008/htmlReports
1,test-results/gui-test008
1,test-results/gui-test007/htmlReports
1,test-results/gui-test002/htmlReports
1,test-results/gui-test002
1,test-results/gui-test/jsonResults/1.deprecatedSteps.txt
1,test-results/cucumber-test246/htmlReports
1,test-results/cucumber-test246
1,test-results/cucumber-test245/htmlReports
1,test-results/cucumber-test245
1,test-results/cucumber-test244/htmlReports
1,test-results/cucumber-test244
1,test-results/cucumber-test202/htmlReports
1,test-results/cucumber-test202
1,test-results/cucumber-test091/htmlReports
1,test-results/cucumber-test091
1,test-results/cucumber-test050/htmlReports
1,test-results/cucumber-test050
1,test-results/cucumber-test022
1,test-results/cucumber-test017/htmlReports
1,test-results/cucumber-test017
1,test-results/cucumber-test011/jsonResults
1,test-results/cucumber-test011/htmlReports
1,test-results/cucumber-test011
1,test-results/cucumber-test007/htmlReports
1,test-results/cucumber-test006/htmlReports
1,test-results/cucumber-test006
1,test-results/cucumber-test005/htmlReports
1,test-results/cucumber-test005
1,test-results/cucumber-test002/jsonResults
1,test-results/cucumber-test002/htmlReports
1,state.csv
1,run-INSIDE_CUTOFFonly-server005.yml
1,run-INSIDE_CUTOFFonly-gui087.yml
1,run-HOLIDAYonly-gui022.yml
1,run-HOLIDAYonly-gui005.yml
1,readiness-files/job-control-agent-ready
1,readiness-files/bazel-done
1,pages/scenario-detail/scenario_943.html
1,pages/scenario-detail/scenario_658.html
1,pages/scenario-detail/scenario_532.html
1,pages/scenario-detail/scenario_51.html
1,pages/scenario-detail/scenario_346.html
1,pages/scenario-detail/scenario_259.html
1,pages/feature-scenarios/feature_74.html
1,pages/feature-scenarios/feature_60.html
1,pages/feature-scenarios/feature_311.html
1,pages/feature-scenarios/feature_161.html
1,k8-logs/checkstyle.log
1,interfaces/sepaCustomerBulkIn_EPC
1,interfaces/sendoutBooking/MSG132917898.txt
1,interfaces/sendoutBooking/MSG129743595.txt
1,interfaces/sendoutBooking/MSG128442834.txt
1,interfaces/sendoutBooking
1,interfaces/error/cust_GPI_BOOK_CONF/MSG908434891.txt
1,interfaces/error/cust_GPI_BOOK_CONF/MSG607596244.txt
1,interfaces/error/cust_GPI_BOOK_CONF/MSG258539983.txt
1,interfaces/error/cust_GPI_BOOK_CONF
1,interfaces/error
1,interfaces/archiv/swift_FIN/server-acceptancetest8451659913530274887.tmp
1,interfaces/archiv/swift_FIN/server-acceptancetest7498612876119767807.tmp
1,interfaces/archiv/swift_FIN/server-acceptancetest3658399925518128878.tmp
1,interfaces/archiv/swift_FIN
1,interfaces/archiv/sepaSendOut
1,interfaces/archiv/sepaCustomerBulkIn_EPC
1,interfaces/archiv/cust_GPI_BOOK_CONF/MSG111668377.txt
1,interfaces/archiv/cust_GPI_BOOK_CONF/85690aa7-e408-4e8b-9376-77bfc60ef04a.txt
1,interfaces/archiv/cust_GPI_BOOK_CONF/409bea37-9e6b-4c86-94f5-1aa28cfa43a8.txt
1,interfaces/archiv/cust_GPI_BOOK_CONF/1beacac4-690c-485a-918c-f9f7fed4dbf8.txt
1,interfaces/archiv/cust_GPI_BOOK_CONF/1ade1946-d285-4f02-99bb-12a6c15febd0.txt
1,interfaces/archiv/DZAZVSST061_CBAZV-AI
1,interfaces/BROADRIDGE.INBOUND
1,container/webservices/logs/k8out.log
1,container/server-test/config
1,container/jobserver/logs/ph-job-server_2021-01-06-1.log.gz
1,container/jobserver/logs/ph-job-server-admin.log
1,container/jobserver/logs/debug/ph-job-server-debug.log
1,container/job-control-agent/README.txt
1,container/ip-testtool/logs/k8out.log
1,container/ip-testtool/databaseDumps.tar.gz
1,container/ip-testtool/config
1,container/ip-testtool/SEPA-maven.log
1,container/ip-testtool/IP_OFFLINE-maven.log
1,container/interface-simulation/logs/k8out.log
1,container/interface-simulation/logs/isimulation.out
1,container/interface-simulation/config
1,container/instant-server/logs
1,container/gui/zip
1,container/gui/logs/localhost.2021-01-11.log
1,container/gui/logs/localhost.2020-12-21.log
1,container/gui/config
1,container/gui.zip
1,container/databasefiller/config/databaseFillerConfig.json
1,container/database/diag/rdbms/orcl/ORCL/trace
1,container/database/diag/rdbms/orcl/ORCL/log/debug/log.xml
1,container/database/diag/rdbms/orcl/ORCL/log/debug.log
1,container/cucumber-test/logs/entrypoint.log
1,container/cucumber-test/README.txt
1,container/bazel-test-image-builder/k8-logs/3450822-ph-assemble-k8.log
1,container/bazel-test-image-builder/k8-logs/3446724-ph-assemble-test-k8.log
1,container/bazel-test-image-builder/k8-logs/3446116-acceptance-test-k8.log
1,container/bazel-test-image-builder/k8-logs/3439424-tph-internal-k8.log
1,container/bazel-test-image-builder/k8-logs/3439423-tph-test-k8.log
1,container/bazel-test-image-builder/k8-logs/3439422-tph-k8.log
1,container/bazel-test-image-builder/k8-logs/3439416-ph-assemble-test-k8.log
1,container/bazel-test-image-builder/k8-logs/3439415-ph-assemble-k8.log
1,container/bazel-test-image-builder/k8-logs/3439410-ph-assemble-test-k8.log
1,container/bazel-test-image-builder/k8-logs/3439409-ph-assemble-k8.log
1,container/bazel-test-image-builder/k8-logs/3438859-ph-assemble-k8.log
1,container/bazel-test-image-builder/k8-logs/3437589-ph-compile-k8.log
1,container/bazel-test-image-builder/k8-logs/3435354-ph-compile-k8.log
1,container/bazel-test-image-builder/k8-logs/3433905-ph-compile-k8.log
1,container/bazel-test-image-builder/k8-logs/3431363-ph-compile-k8.log
1,container/bazel-test-image-builder/k8-logs/3383548-jobserver-k8.log
1,container/bazel-test-image-builder/k8-logs/3383541-database-k8.log
1,container/bazel-test-image-builder/k8-logs/3371934-ph-compile-k8.log
1,container/bazel-test-image-builder/k8-logs/3331114-acceptance-test-k8.log
1,container/bazel-test-image-builder/k8-logs/3268131-ph-compile-k8.log
1,container/bazel-test-image-builder/k8-logs/3263906-ph-compile-k8.log
1,container/bazel-test-image-builder/k8-logs/3263266-ph-compile-k8.log
1,container/bazel-test-image-builder/k8-logs/3263072-ph-compile-k8.log
1,container/bazel-test-image-builder/k8-logs/3248828-ph-compile-k8.log
1,checkstyle/ph-svc-business/target/checkstyle-result.xml
1,checkstyle/ph-svc-business/target
1,checkstyle/ph-svc-business
1,checkstyle/ph-geno-tasks/target/checkstyle-result.xml
1,checkstyle/ph-geno-tasks/target
1,checkstyle/ph-geno-tasks
1,checkstyle/ph-aareal-api/target/checkstyle-result.xml
1,checkstyle/ph-aareal-api/target
1,checkstyle/ph-aareal-api
1,9-3236082_FAILED/test-results/instant-gui-test/htmlReports
1,2-3418985_FAILED
1,2-3322110_FAILED
