genoazv,holiday-acceptance-test,96,5
genoazv,inside-cutoff-acceptance-test,100,14
genoazv,inside-cutoff-server-acceptance-test,2,0
genoazv,launch-build-pod,120,8
genoazv,outside-cutoff-acceptance-test,97,11
aareal,holiday-acceptance-test,175,7
aareal,inside-cutoff-acceptance-test,178,18
aareal,inside-cutoff-gui-acceptance-test,12,0
aareal,inside-cutoff-server-acceptance-test,30,2
aareal,launch-build-pod,211,13
aareal,outside-cutoff-acceptance-test,177,17
aareal,outside-cutoff-gui-acceptance-test,6,1
aareal,reorg-parallel-acceptance-test,6,0
hcob,holiday-acceptance-test,48,0
hcob,holiday-gui-acceptance-test,5,2
hcob,holiday-server-acceptance-test,5,0
hcob,inside-cutoff-acceptance-test,62,0
hcob,inside-cutoff-gui-acceptance-test,10,0
hcob,inside-cutoff-server-acceptance-test,64,3
hcob,launch-build-pod,119,0
hcob,outside-cutoff-acceptance-test,47,0
hcob,outside-cutoff-gui-acceptance-test,5,1
hcob,outside-cutoff-server-acceptance-test,5,0
hcob,reorg-parallel-acceptance-test,2,0
hcob,weekday-before-reorg-gui-acceptance-test,2,0
hcob,weekday-before-reorg-server-acceptance-test,4,0
hcob,weekend-before-reorg-gui-acceptance-test,2,0
hcob,weekend-before-reorg-server-acceptance-test,2,0
ppi,holiday-acceptance-test,242,14
ppi,holiday-gui-acceptance-test,18,2
ppi,holiday-server-acceptance-test,12,1
ppi,inside-cutoff-acceptance-test,279,35
ppi,inside-cutoff-gui-acceptance-test,735,72
ppi,inside-cutoff-server-acceptance-test,729,134
ppi,ip-gui-acceptance-test,156,5
ppi,ip-offline-acceptance-test,177,19
ppi,ip-online-acceptance-test,165,3
ppi,launch-build-pod,342,26
ppi,loadtest-navigator-acceptance-test,2,0
ppi,outside-cutoff-acceptance-test,240,24
ppi,outside-cutoff-gui-acceptance-test,24,0
ppi,outside-cutoff-server-acceptance-test,6,1
ppi,reorg-parallel-acceptance-test,6,0
ppi,sepa-acceptance-test,76,7
ppi,weekday-before-reorg-gui-acceptance-test,53,16
ppi,weekday-before-reorg-server-acceptance-test,23,1
all,checkstyle,436,81
all,integration-test,305,53
all,qa-test,344,114
geno,ip-gui-acceptance-test,149,7
geno,ip-offline-acceptance-test,152,19
geno,ip-online-acceptance-test,148,34
geno,launch-build-pod,174,8
bego,holiday-acceptance-test,192,36
bego,holiday-server-acceptance-test,6,1
bego,inside-cutoff-acceptance-test,199,21
bego,inside-cutoff-gui-acceptance-test,138,1
bego,inside-cutoff-server-acceptance-test,92,8
bego,launch-build-pod,229,16
bego,outside-cutoff-acceptance-test,192,15
bego,reorg-parallel-acceptance-test,6,0
